"","coin","dollar_sum","dollar_mean"
"1","btc",445828659647.91,1999231657.61395
"2","eth",14893065200.66,64194246.5545689
"3",NA,8709.08,2177.27
